,RStation
1898,Nam Lolwe
1899,Nam Lolwe
1900,Nam Lolwe
1901,Nam Lolwe
1902,Nam Lolwe
1903,Nam Lolwe
1904,Nam Lolwe
1905,Nam Lolwe
1906,Nam Lolwe
1907,Nam Lolwe
1908,Nam Lolwe
1909,Nam Lolwe
1910,Nam Lolwe
1911,Nam Lolwe
1912,Nam Lolwe
1913,Nam Lolwe
1914,Nam Lolwe
1915,Nam Lolwe
1916,Nam Lolwe
1917,Nam Lolwe
1918,Nam Lolwe
1919,Nam Lolwe
1920,Nam Lolwe
1921,Nam Lolwe
1922,Nam Lolwe
1923,Nam Lolwe
1924,Nam Lolwe
1925,Nam Lolwe
1926,Nam Lolwe
1927,Nam Lolwe
1928,Nam Lolwe
1929,Nam Lolwe
1930,Nam Lolwe
1931,Nam Lolwe
1932,Nam Lolwe
1933,Nam Lolwe
1934,Nam Lolwe
1935,Nam Lolwe
1936,Nam Lolwe
1937,Nam Lolwe
1938,Nam Lolwe
1939,Nam Lolwe
1940,Nam Lolwe
1941,Nam Lolwe
1942,Nam Lolwe
1943,Nam Lolwe
1944,Nam Lolwe
1945,Nam Lolwe
1946,Nam Lolwe
1947,Nam Lolwe
1948,Nam Lolwe
1949,Nam Lolwe
1950,Nam Lolwe
1951,Nam Lolwe
1952,Nam Lolwe
1953,Nam Lolwe
1954,Nam Lolwe
1955,Nam Lolwe
1956,Nam Lolwe
1957,Nam Lolwe
1958,Nam Lolwe
1959,Nam Lolwe
1960,Nam Lolwe
1961,Nam Lolwe
1962,Nkhotakota
1963,Nkhotakota
1964,Nkhotakota
1965,Nkhotakota
1966,Nkhotakota
1967,Nkhotakota
1968,Nkhotakota
1969,Nkhotakota
1970,Nkhotakota
1971,Nkhotakota
1972,Nkhotakota
1973,Nkhotakota
1974,Mudzi Wathu
1975,Mudzi Wathu
1976,Mudzi Wathu
1977,Mudzi Wathu
1978,Mudzi Wathu
1979,Mudzi Wathu
1980,Mudzi Wathu
1981,Mudzi Wathu
1982,Mudzi Wathu
1983,Mudzi Wathu
1984,Mudzi Wathu
1985,Mudzi Wathu
1986,Mudzi Wathu
1987,Mudzi Wathu
1988,Mudzi Wathu
1989,Mudzi Wathu
1990,Mudzi Wathu
1991,Mudzi Wathu
1992,Mudzi Wathu
1993,Mudzi Wathu
1994,Mudzi Wathu
1995,Mudzi Wathu
1996,Mudzi Wathu
1997,Mudzi Wathu
1998,Mudzi Wathu
1999,Mudzi Wathu
2000,Mudzi Wathu
2001,Mudzi Wathu
2002,Mudzi Wathu
2003,Mudzi Wathu
2004,Mudzi Wathu
2005,Mudzi Wathu
2006,Mudzi Wathu
2007,Gorongosa
2008,Gorongosa
2009,Gorongosa
2010,Gorongosa
2011,Gorongosa
2012,Nam Lolwe
2013,Nam Lolwe
2014,Nam Lolwe
2015,Nam Lolwe
2016,Nam Lolwe
2017,Nam Lolwe
2018,Nam Lolwe
2019,Nam Lolwe
2020,Nam Lolwe
2021,Nam Lolwe
2022,Nam Lolwe
2023,Nam Lolwe
2024,Nam Lolwe
2025,Nam Lolwe
2026,Nam Lolwe
2027,Nam Lolwe
2028,Nam Lolwe
2029,Nam Lolwe
2030,Nam Lolwe
2031,Nam Lolwe
2032,Nam Lolwe
2033,Nam Lolwe
2034,Nam Lolwe
2035,Nam Lolwe
2036,Nam Lolwe
2037,Nam Lolwe
2038,Nam Lolwe
2039,Nam Lolwe
2040,Nam Lolwe
2041,Nam Lolwe
2042,Nam Lolwe
2043,Nkhotakota
2044,Nkhotakota
2045,Nkhotakota
2046,Nkhotakota
2047,Nkhotakota
2048,Nkhotakota
2049,Nkhotakota
2050,Nkhotakota
2051,Nkhotakota
2052,Nkhotakota
2053,Nkhotakota
2054,Nkhotakota
2055,Nkhotakota
2056,Nkhotakota
2057,Nkhotakota
2058,Nkhotakota
2059,Nkhotakota
2060,Nkhotakota
2061,Nkhotakota
2062,Nkhotakota
2063,Nkhotakota
2064,Nkhotakota
2065,Nkhotakota
2066,Nkhotakota
2067,Nkhotakota
2068,Nkhotakota
2069,Nkhotakota
2070,Nkhotakota
2071,Nkhotakota
2072,Nkhotakota
2073,Nkhotakota
2074,Nkhotakota
2075,Nkhotakota
2076,Nkhotakota
2077,Nkhotakota
2078,Nkhotakota
2079,Nkhotakota
2080,Nkhotakota
2081,Nkhotakota
2082,Nkhotakota
2083,Nkhotakota
2084,Nkhotakota
2085,Nkhotakota
2086,Nkhotakota
2087,Nkhotakota
2088,Nkhotakota
2089,Nkhotakota
2090,Nkhotakota
2091,Nkhotakota
2092,Nkhotakota
2093,Nkhotakota
2094,Nkhotakota
2095,Nkhotakota
2096,Nkhotakota
2097,Nkhotakota
2098,Nkhotakota
2099,Nkhotakota
2100,Nkhotakota
2101,Nkhotakota
2102,Nkhotakota
2103,Nkhotakota
2104,Nkhotakota
2105,Nkhotakota
2106,Nkhotakota
2107,Nkhotakota
2108,Nkhotakota
2109,Nkhotakota
2110,Nkhotakota
2111,Nkhotakota
2112,Nkhotakota
2113,Nkhotakota
2114,Nkhotakota
2115,Nkhotakota
2116,Nkhotakota
2117,Nkhotakota
2118,Nkhotakota
2119,Nkhotakota
2120,Nkhotakota
2121,Nkhotakota
2122,Nkhotakota
2123,Nkhotakota
2124,Nkhotakota
2125,Nkhotakota
2126,Nkhotakota
2127,Nkhotakota
2128,Nkhotakota
2129,Nkhotakota
2130,Nkhotakota
2131,Nkhotakota
2132,Nkhotakota
2133,Mudzi Wathu
2134,Mudzi Wathu
2135,Mudzi Wathu
2136,Mudzi Wathu
2137,Mudzi Wathu
2138,Mudzi Wathu
2139,Mudzi Wathu
2140,Mudzi Wathu
2141,Mudzi Wathu
2142,Mudzi Wathu
2143,Mudzi Wathu
2144,Mudzi Wathu
2145,Mudzi Wathu
2146,Mudzi Wathu
2147,Mudzi Wathu
2148,Mudzi Wathu
2149,Mudzi Wathu
2150,Mudzi Wathu
2151,Mudzi Wathu
2152,Mudzi Wathu
2153,Mudzi Wathu
2154,Mudzi Wathu
2155,Mudzi Wathu
2156,Mudzi Wathu
2157,Gorongosa
2158,Gorongosa
2159,Gorongosa
2160,Gorongosa
2161,Gorongosa
2162,Gorongosa
2163,Gorongosa
2164,Gorongosa
2165,Gorongosa
2166,Gorongosa
2167,Gorongosa
2168,Gorongosa
2169,Gorongosa
2170,Gorongosa
2171,Gorongosa
2172,Gorongosa
2173,Gorongosa
2174,Gorongosa
2175,Gorongosa
2176,Gorongosa
2177,Gorongosa
2178,Gorongosa
2179,Gorongosa
2180,Gorongosa
2181,Gorongosa
2182,Gorongosa
2183,Gorongosa
2184,Gorongosa
2185,Gorongosa
2186,Gorongosa
2187,Gorongosa
2188,Gorongosa
2189,Gorongosa
2190,Gorongosa
2191,Gorongosa
2192,Gorongosa
2193,Gorongosa
2194,Gorongosa
2195,Gorongosa
2196,Gorongosa
2197,Gorongosa
2198,Gorongosa
2199,Gorongosa
2200,Gorongosa
2201,Gorongosa
2202,Gorongosa
2203,Gorongosa
2204,Gorongosa
2205,Gorongosa
2206,Gorongosa
2207,Gorongosa
2208,Gorongosa
2209,Gorongosa
2210,Gorongosa
2211,Gorongosa
2212,Gorongosa
2213,Gorongosa
2214,Gorongosa
2215,Gorongosa
2216,Gorongosa
2217,Gorongosa
2218,Gorongosa
2219,Gorongosa
2220,Gorongosa
2221,Gorongosa
2222,Gorongosa
2223,Gorongosa
2224,Gorongosa
2225,Gorongosa
2226,Gorongosa
2227,Gorongosa
2228,Gorongosa
2229,Gorongosa
2230,Gorongosa
2231,Gorongosa
2232,Gorongosa
2233,Gorongosa
2234,Gorongosa
2235,Gorongosa
2236,Gorongosa
2237,Gorongosa
2238,Gorongosa
2239,Gorongosa
2240,Gorongosa
2241,Gorongosa
2242,Gorongosa
2243,Gorongosa
2244,Gorongosa
2245,Gorongosa
2246,Gorongosa
2247,Gorongosa
2248,Gorongosa
2249,Gorongosa
2250,Gorongosa
2251,Gorongosa
2252,Gorongosa
2253,Gorongosa
2254,Gorongosa
2255,Gorongosa
2256,Gorongosa
2257,Gorongosa
2258,Gorongosa
2259,Gorongosa
2260,Gorongosa
2261,Gorongosa
2262,Gorongosa
2263,Gorongosa
2264,Gorongosa
2265,Gorongosa
2266,Gorongosa
2267,Gorongosa
2268,Gorongosa
2269,Gorongosa
2270,Gorongosa
2271,Gorongosa
2272,Gorongosa
2273,Gorongosa
2274,Gorongosa
2275,Gorongosa
2276,Gorongosa
2277,Gorongosa
2278,Gorongosa
2279,Gorongosa
2280,Gorongosa
2281,Gorongosa
2282,Gorongosa
2283,Gorongosa
2284,Gorongosa
2285,Gorongosa
2286,Gorongosa
2287,Gorongosa
2288,Gorongosa
2289,Gorongosa
2290,Gorongosa
2291,Gorongosa
2292,Gorongosa
2293,Gorongosa
2294,Gorongosa
2295,Gorongosa
2296,Gorongosa
2297,Gorongosa
2298,Gorongosa
2299,Gorongosa
2300,Gorongosa
2301,Gorongosa
2302,Gorongosa
2303,Gorongosa
2304,Gorongosa
2305,Gorongosa
2306,Gorongosa
2307,Gorongosa
2308,Gorongosa
2309,Gorongosa
2310,Gorongosa
2311,Gorongosa
2312,Gorongosa
2313,Gorongosa
2314,Gorongosa
2315,Gorongosa
2316,Gorongosa
2317,Gorongosa
2318,Gorongosa
2319,Gorongosa
2320,Gorongosa
2321,Gorongosa
2322,Gorongosa
2323,Gorongosa
2324,Gorongosa
2325,Gorongosa
2326,Gorongosa
2327,Gorongosa
2328,Gorongosa
2329,Gorongosa
2330,Gorongosa
2331,Gorongosa
2332,Gorongosa
2333,Gorongosa
2334,Gorongosa
2335,Gorongosa
2336,Gorongosa
2337,Gorongosa
2338,Gorongosa
2339,Gorongosa
2340,Gorongosa
2341,Gorongosa
2342,Gorongosa
2343,Gorongosa
2344,Gorongosa
2345,Gorongosa
2346,Gorongosa
2347,Breeze
2348,Breeze
2349,Breeze
2350,Breeze
2351,Breeze
2352,Breeze
2353,Breeze
2354,Breeze
2355,Breeze
2356,Breeze
2357,Breeze
2358,Breeze
2359,Breeze
2360,Breeze
2361,Breeze
2362,Breeze
2363,Breeze
2364,Breeze
2365,Breeze
2366,Breeze
2367,Breeze
2368,Breeze
2369,Breeze
2370,Breeze
2371,Breeze
2372,Breeze
2373,Gorongosa
2374,Gorongosa
2375,Gorongosa
2376,Gorongosa
2377,Gorongosa
2378,Gorongosa
2379,Gorongosa
2380,Nam Lolwe
2381,Nkhotakota
2382,Nkhotakota
2383,Nkhotakota
2384,Nkhotakota
2385,Nkhotakota
2386,Nkhotakota
2387,Nkhotakota
2388,Mudzi Wathu
2389,Gorongosa
2390,Gorongosa
2391,Gorongosa
2392,Breeze
2393,Breeze
2394,Breeze
2395,Breeze
2396,Breeze
2397,Breeze
2398,Breeze
2399,Breeze
2400,Breeze
2401,Breeze
2402,Breeze
2403,Breeze
2404,Breeze
2405,Breeze
2406,Breeze
2407,Breeze
2408,Breeze
2409,Breeze
2410,Breeze
2411,Breeze
2412,Breeze
2413,Breeze
2414,Breeze
2415,Breeze
2416,Breeze
2417,Breeze
2418,Breeze
2419,Breeze
2420,Breeze
2421,Breeze
2422,Breeze
2423,Breeze
2424,Breeze
2425,Breeze
2426,Breeze
2427,Breeze
2428,Breeze
2429,Breeze
2430,Breeze
2431,Breeze
2432,Breeze
2433,Breeze
2434,Breeze
2435,Breeze
2436,Breeze
2437,Breeze
2438,Breeze
2439,Breeze
2440,Breeze
2441,Breeze
2442,Breeze
2443,Breeze
2444,Breeze
2445,Breeze
2446,Breeze
2447,Breeze
2448,Breeze
2449,Breeze
2450,Breeze
2451,Breeze
2452,Breeze
2453,Breeze
2454,Breeze
2455,Breeze
2456,Breeze
2457,Breeze
2458,Breeze
2459,Breeze
2460,Breeze
2461,Breeze
2462,Breeze
2463,Breeze
2464,Breeze
2465,Breeze
2466,Breeze
2467,Breeze
2468,Breeze
2469,Breeze
2470,Breeze
2471,Breeze
2472,Breeze
2473,Breeze
2474,Breeze
2475,Breeze
2476,Breeze
